Area,HOI,Author,Citation,Year,Years of data,Country,Dataset where algorithm was performed,Assessment method,Method for sensitivity,Codes used ,Ages,Algorithm,Sensitivity,PPV,Specificity,PMID,Link
Cardiovascular,Atrial Fibrillation,Navar-Boggan,"Navar-Boggan AM, Rymer JA, Piccini JP, et al. Accuracy and validation of an automated electronic algorithm to identify patients with atrial fibrillation at risk for stroke. Am Heart J. 2015;169(1):39-44.e2. doi:10.1016/j.ahj.2014.09.014",2015,2011-12,US,Duke University Health System,EMR review by clinicians,,427.31 (AF) or 427.32 (atrial flutter),All,1+ codes inpatient or 2+ codes outpatient or emergency department visits,,72 (66-77),,25497246,https://pubmed.ncbi.nlm.nih.gov/25497246/
Cardiovascular,Pulmonary Embolism,Alotaibi,"Alotaibi GS, Wu C, Senthilselvan A, McMurtry MS. The validity of ICD codes coupled with imaging procedure codes for identifying acute venous thromboembolism using administrative data. Vasc Med. 2015;20(4):364-368. doi:10.1177/1358863X15573839",2015,2000-2010,Canada,University of Alberta Hospital (UAH) radiology database,Chart review by trained abstractor with medical background,extracted data for all possible VTE patients,"(ICD-9-CM: 415.0 and 415.1; ICD-10-CA: I26.9, I26.0",18+,"1+ codes,  in-patient",75 (67–82),71 (63–78),92 (90–93) ,25834115,https://pubmed.ncbi.nlm.nih.gov/25834115/
Cardiovascular,Pulmonary Embolism,Alotaibi,"Alotaibi GS, Wu C, Senthilselvan A, McMurtry MS. The validity of ICD codes coupled with imaging procedure codes for identifying acute venous thromboembolism using administrative data. Vasc Med. 2015;20(4):364-368. doi:10.1177/1358863X15573839",2015,2000-2010,Canada,University of Alberta Hospital (UAH) radiology database,Chart review by trained abstractor with medical background,extracted data for all possible VTE patients,"(ICD-9-CM: 415.0 and 415.1; ICD-10-CA: I26.9, I26.0",18+,"1+ codes,  in-patient, first position",67 (58–74),84 (76–90),97 (95–98) ,25834115,https://pubmed.ncbi.nlm.nih.gov/25834115/
Cardiovascular,Pulmonary Embolism,White,"White RH, Garcia M, Sadeghi B, et al. Evaluation of the predictive value of ICD-9-CM coded administrative data for venous thromboembolism in the United States. Thromb Res. 2010;126(1):61-67. doi:10.1016/j.thromres.2010.03.009",2010,2005-2007US,US,UCDMC EHR,Complete medical records reviewed by clinicians,,"415.11, 415.19",18+,"1+ codes In-patient, Primary position",,96 (94-98),,20430419,https://pubmed.ncbi.nlm.nih.gov/20430419/
Cardiovascular,Pulmonary Embolism,White,"White RH, Garcia M, Sadeghi B, et al. Evaluation of the predictive value of ICD-9-CM coded administrative data for venous thromboembolism in the United States. Thromb Res. 2010;126(1):61-67. doi:10.1016/j.thromres.2010.03.009",2010,2005-2007US,US,UCDMC EHR,Complete medical records reviewed by clinicians,,"415.11, 415.19",18+,"1+ codes In-patient, Secondary position",,81 (77-86),,20430419,https://pubmed.ncbi.nlm.nih.gov/20430419/
Cardiovascular,Venous Thromboembolism,Alotaibi,"Alotaibi GS, Wu C, Senthilselvan A, McMurtry MS. The validity of ICD codes coupled with imaging procedure codes for identifying acute venous thromboembolism using administrative data. Vasc Med. 2015;20(4):364-368. doi:10.1177/1358863X15573839",2015,2000-2010,Canada,University of Alberta Hospital (UAH) radiology database,Chart review by trained abstractor with medical background,extracted data for all possible VTE patients,"ICD-9-CM: 451.1, 451.2, 451.8, 451.9, 453.2, 453.8,
and 453.9; ICD-10-CA: I80.2, I80.3, I80.1, I82.8, I80.9,
I82.9, I80.8, O22.3, O22.9, O87.1, ICD-9-CM: 415.0 and 415.1; ICD-10-CA: I26.9, I26.0",18+,"1+ codes,  in-patient",75 (69–80),73 (67–79),94 (92–95) ,25834115,https://pubmed.ncbi.nlm.nih.gov/25834115/
Cardiovascular,Venous Thromboembolism,Alotaibi,"Alotaibi GS, Wu C, Senthilselvan A, McMurtry MS. The validity of ICD codes coupled with imaging procedure codes for identifying acute venous thromboembolism using administrative data. Vasc Med. 2015;20(4):364-368. doi:10.1177/1358863X15573839",2015,2000-2010,Canada,University of Alberta Hospital (UAH) radiology database,Chart review by trained abstractor with medical background,extracted data for all possible VTE patients,"ICD-9-CM: 451.1, 451.2, 451.8, 451.9, 453.2, 453.8,
and 453.9; ICD-10-CA: I80.2, I80.3, I80.1, I82.8, I80.9,
I82.9, I80.8, O22.3, O22.9, O87.1, ICD-9-CM: 415.0 and 415.1; ICD-10-CA: I26.9, I26.0",18+,"1+ codes,  in-patient, first position",62 (56–68),83 (77–88),97 (96–98),25834115,https://pubmed.ncbi.nlm.nih.gov/25834115/
Cardiovascular,Venous Thromboembolism,McPeek Hinz,"McPeek Hinz ER, Bastarache L, Denny JC. A natural language processing algorithm to define a venous thromboembolism phenotype. AMIA Annu Symp Proc. 2013;2013:975-983. Published 2013 Nov 16.",2013,199?-2010,US,Vanderbilt University Medical Center Electronic Health Record,Complete medical records reviewed by clinicians,,"??V12.51, 453, 453.0, 453.1, 453.2, 453.4, 453.40,453.41, 453.42, 	453.8, 453.81, 453.82, 453.83, 453.84, 453.85, 453.86, 453.87, 453.89, 453.6, 453.50, 453.75, 453.51, 453.79, 453.77, 453.52, 453.5, 453.82, 453.7, 453.71, 453.73, 453.74, 453.76, 415.1, 415.11, 415.19	",All,1+ codes,,69 (65-73),,24551388,https://pubmed.ncbi.nlm.nih.gov/24551388/
Cardiovascular,Venous Thromboembolism,White,"White RH, Garcia M, Sadeghi B, et al. Evaluation of the predictive value of ICD-9-CM coded administrative data for venous thromboembolism in the United States. Thromb Res. 2010;126(1):61-67. doi:10.1016/j.thromres.2010.03.009",2010,2005-2007US,US,UCDMC EHR,Complete medical records reviewed by clinicians,,"415.X, 451.X, 453.X",18+,"1+ codes In-patient, Primary position",,94 (90-97),,20430419,https://pubmed.ncbi.nlm.nih.gov/20430419/
Cardiovascular,Venous Thromboembolism,White,"White RH, Garcia M, Sadeghi B, et al. Evaluation of the predictive value of ICD-9-CM coded administrative data for venous thromboembolism in the United States. Thromb Res. 2010;126(1):61-67. doi:10.1016/j.thromres.2010.03.009",2010,2005-2007US,US,UCDMC EHR,Complete medical records reviewed by clinicians,,"415.X, 451.X, 453.X",18+,"1+  codes In-patient, Secondary position",,75 (71-80),,20430419,https://pubmed.ncbi.nlm.nih.gov/20430419/
Immunology,Ankylosing spondylitis,Curtis,"Curtis JR, Harrold LR, Asgari MM, et al. Diagnostic Prevalence of Ankylosing Spondylitis Using Computerized Health Care Data, 1996 to 2009: Underrecognition in a US Health Care Setting. Perm J. 2016;20(4):15-151. doi:10.7812/TPP/15-151",2016,1996-2009,US,Kaiser Permanente Northern California,EHR record assessed by trained medical abstractor,,"(ICD-9) diagnosis Code 720.0, 720.1, 720.9",18+,2+ codes in primary care or 1+ codes in rheumatology,,62 (60–64),,27479952,https://pubmed.ncbi.nlm.nih.gov/27479952/
Immunology,Ankylosing spondylitis,Curtis,"Curtis JR, Harrold LR, Asgari MM, et al. Diagnostic Prevalence of Ankylosing Spondylitis Using Computerized Health Care Data, 1996 to 2009: Underrecognition in a US Health Care Setting. Perm J. 2016;20(4):15-151. doi:10.7812/TPP/15-151",2016,1996-2009,US,Kaiser Permanente Northern California,EHR record assessed by trained medical abstractor,,"(ICD-9) diagnosis Code 720.0, 720.1, 720.9",18+,2+ codes,,66 (64–68),,27479952,https://pubmed.ncbi.nlm.nih.gov/27479952/
Immunology,Ankylosing spondylitis,Curtis,"Curtis JR, Harrold LR, Asgari MM, et al. Diagnostic Prevalence of Ankylosing Spondylitis Using Computerized Health Care Data, 1996 to 2009: Underrecognition in a US Health Care Setting. Perm J. 2016;20(4):15-151. doi:10.7812/TPP/15-151",2016,1996-2009,US,Kaiser Permanente Northern California,EHR record assessed by trained medical abstractor,,"(ICD-9) diagnosis Code 720.0, 720.1, 720.9",18+,"1+ codes, rheumatology",,73 (71–76),,27479952,https://pubmed.ncbi.nlm.nih.gov/27479952/
Immunology,Ankylosing spondylitis,Curtis,"Curtis JR, Harrold LR, Asgari MM, et al. Diagnostic Prevalence of Ankylosing Spondylitis Using Computerized Health Care Data, 1996 to 2009: Underrecognition in a US Health Care Setting. Perm J. 2016;20(4):15-151. doi:10.7812/TPP/15-151",2016,1996-2009,US,Kaiser Permanente Northern California,EHR record assessed by trained medical abstractor,,"(ICD-9) diagnosis Code 720.0, 720.1, 720.9",18+,"2+ codes, rheumatology",,81 (79–83),,27479952,https://pubmed.ncbi.nlm.nih.gov/27479952/
Immunology,Ankylosing spondylitis,Dubreuil ,"Dubreuil M, Peloquin C, Zhang Y, Choi HK, Inman RD, Neogi T. Validity of ankylosing spondylitis diagnoses in The Health Improvement Network. Pharmacoepidemiol Drug Saf. 2016;25(4):399-404. doi:10.1002/pds.3952",2017,2000-2013,UK,THIN,Survey to GP asking if the diagnosis was confirmed by a rheumatologist,,Read code N100.00,18–59,1+ codes,,72 (61–81),,26762622,https://pubmed.ncbi.nlm.nih.gov/26762622/
Immunology,Ankylosing spondylitis,Dubreuil ,"Dubreuil M, Peloquin C, Zhang Y, Choi HK, Inman RD, Neogi T. Validity of ankylosing spondylitis diagnoses in The Health Improvement Network. Pharmacoepidemiol Drug Saf. 2016;25(4):399-404. doi:10.1002/pds.3952",2017,2000-2013,UK,THIN,Survey to GP asking if the diagnosis was confirmed by a rheumatologist,,Read code N100.00,18–59,2+ codes ? 7 days apart,,89 (75–96),,26762622,https://pubmed.ncbi.nlm.nih.gov/26762622/
Immunology,Ankylosing spondylitis,Dubreuil ,"Dubreuil M, Peloquin C, Zhang Y, Choi HK, Inman RD, Neogi T. Validity of ankylosing spondylitis diagnoses in The Health Improvement Network. Pharmacoepidemiol Drug Saf. 2016;25(4):399-404. doi:10.1002/pds.3952",2017,2000-2013,UK,THIN,Survey to GP asking if the diagnosis was confirmed by a rheumatologist,,Read code N100.00,18–59,1+ codes and absence of OA code,,75 (76–97),,26762622,https://pubmed.ncbi.nlm.nih.gov/26762622/
Immunology,Ankylosing spondylitis,Dubreuil ,"Dubreuil M, Peloquin C, Zhang Y, Choi HK, Inman RD, Neogi T. Validity of ankylosing spondylitis diagnoses in The Health Improvement Network. Pharmacoepidemiol Drug Saf. 2016;25(4):399-404. doi:10.1002/pds.3952",2017,2000-2013,UK,THIN,Survey to GP asking if the diagnosis was confirmed by a rheumatologist,,Read code N100.00,18–59,1+ codes and absence of RA code,,73 (61–84),,26762622,https://pubmed.ncbi.nlm.nih.gov/26762622/
Immunology,Ankylosing spondylitis,Dubreuil ,"Dubreuil M, Peloquin C, Zhang Y, Choi HK, Inman RD, Neogi T. Validity of ankylosing spondylitis diagnoses in The Health Improvement Network. Pharmacoepidemiol Drug Saf. 2016;25(4):399-404. doi:10.1002/pds.3952",2017,2000-2013,UK,THIN,Survey to GP asking if the diagnosis was confirmed by a rheumatologist,,Read code N100.00,18–59,1+ codes and DMARD or Biologic,,86 (64–97),,26762622,https://pubmed.ncbi.nlm.nih.gov/26762622/
Immunology,Ankylosing spondylitis,Dubreuil ,"Dubreuil M, Peloquin C, Zhang Y, Choi HK, Inman RD, Neogi T. Validity of ankylosing spondylitis diagnoses in The Health Improvement Network. Pharmacoepidemiol Drug Saf. 2016;25(4):399-404. doi:10.1002/pds.3952",2017,2000-2013,UK,THIN,Survey to GP asking if the diagnosis was confirmed by a rheumatologist,,Read code N100.00,18–59,1+ codes and NSAID,,71 (60–83),,26762622,https://pubmed.ncbi.nlm.nih.gov/26762622/
Immunology,Atopic dermatitis,Hsu,"Hsu DY, Dalal P, Sable KA, et al. Validation of International Classification of Disease Ninth Revision codes for atopic dermatitis. Allergy. 2017;72(7):1091-1095. doi:10.1111/all.13113",2017,2001-2014,US,Northwestern Medicine Electronic Data Warehouse,EMR review by clinicians,,691.8,All,1+ codes,,31 (21-44),,27997983,https://pubmed.ncbi.nlm.nih.gov/27997983/
Immunology,Atopic dermatitis,Hsu,"Hsu DY, Dalal P, Sable KA, et al. Validation of International Classification of Disease Ninth Revision codes for atopic dermatitis. Allergy. 2017;72(7):1091-1095. doi:10.1111/all.13113",2017,2001-2014,US,Northwestern Medicine Electronic Data Warehouse,EMR review by clinicians,,691.8,All,2+ codes,,30 (26-34),,27997983,https://pubmed.ncbi.nlm.nih.gov/27997983/
Immunology,Atopic dermatitis,Hsu,"Hsu DY, Dalal P, Sable KA, et al. Validation of International Classification of Disease Ninth Revision codes for atopic dermatitis. Allergy. 2017;72(7):1091-1095. doi:10.1111/all.13113",2017,2001-2014,US,Northwestern Medicine Electronic Data Warehouse,EMR review by clinicians,,691.8,All,2+ codes Plus hay fever and/or asthma,,47 (40-53),,27997983,https://pubmed.ncbi.nlm.nih.gov/27997983/
Immunology,Atopic dermatitis,Hsu,"Hsu DY, Dalal P, Sable KA, et al. Validation of International Classification of Disease Ninth Revision codes for atopic dermatitis. Allergy. 2017;72(7):1091-1095. doi:10.1111/all.13113",2017,2001-2014,US,Northwestern Medicine Electronic Data Warehouse,EMR review by clinicians,,691.8,All,2+ codes Plus hay fever or asthma and food allergy,,76 (60-89),,27997983,https://pubmed.ncbi.nlm.nih.gov/27997983/
Immunology,Atopic dermatitis,Hsu,"Hsu DY, Dalal P, Sable KA, et al. Validation of International Classification of Disease Ninth Revision codes for atopic dermatitis. Allergy. 2017;72(7):1091-1095. doi:10.1111/all.13113",2017,2001-2014,US,Northwestern Medicine Electronic Data Warehouse,EMR review by clinicians,,692.9,All,1+ codes,,26 (14-42),,27997983,https://pubmed.ncbi.nlm.nih.gov/27997983/
Immunology,Atopic dermatitis,Hsu,"Hsu DY, Dalal P, Sable KA, et al. Validation of International Classification of Disease Ninth Revision codes for atopic dermatitis. Allergy. 2017;72(7):1091-1095. doi:10.1111/all.13113",2017,2001-2014,US,Northwestern Medicine Electronic Data Warehouse,EMR review by clinicians,,692.9,All,2+ codes,,34 (27-40),,27997983,https://pubmed.ncbi.nlm.nih.gov/27997983/
Immunology,Atopic dermatitis,Hsu,"Hsu DY, Dalal P, Sable KA, et al. Validation of International Classification of Disease Ninth Revision codes for atopic dermatitis. Allergy. 2017;72(7):1091-1095. doi:10.1111/all.13113",2017,2001-2014,US,Northwestern Medicine Electronic Data Warehouse,EMR review by clinicians,,692.9,All,2+ codes Plus hay fever and/or asthma,,61 (47-73),,27997983,https://pubmed.ncbi.nlm.nih.gov/27997983/
Immunology,Atopic dermatitis,Hsu,"Hsu DY, Dalal P, Sable KA, et al. Validation of International Classification of Disease Ninth Revision codes for atopic dermatitis. Allergy. 2017;72(7):1091-1095. doi:10.1111/all.13113",2017,2001-2014,US,Northwestern Medicine Electronic Data Warehouse,EMR review by clinicians,,692.9,All,"2+ codes Plus hay fever, food allergy, and/or asthma",,81 (58-95),,27997983,https://pubmed.ncbi.nlm.nih.gov/27997983/
Immunology,Crohns Disease,Ananthakrishnan,"Ananthakrishnan AN, Cai T, Savova G, et al. Improving case definition of Crohn's disease and ulcerative colitis in electronic medical records using natural language processing: a novel informatics approach. Inflamm Bowel Dis. 2013;19(7):1411-1420. doi:10.1097/MIB.0b013e31828133fd",2013,Post-1994,US,EMR data from Massachusetts General Hospital (MGH) and Brigham and Women’s Hospital (BWH),EMR review by clinicians,,555.X,All,1+ codes,,68 (65-72),,23567779,https://pubmed.ncbi.nlm.nih.gov/23567779/
Immunology,Crohns Disease,Ananthakrishnan,"Ananthakrishnan AN, Cai T, Savova G, et al. Improving case definition of Crohn's disease and ulcerative colitis in electronic medical records using natural language processing: a novel informatics approach. Inflamm Bowel Dis. 2013;19(7):1411-1420. doi:10.1097/MIB.0b013e31828133fd",2013,Post-1994,US,EMR data from Massachusetts General Hospital (MGH) and Brigham and Women’s Hospital (BWH),EMR review by clinicians,,555.X,All,5+ codes,,91 (87-94),,23567779,https://pubmed.ncbi.nlm.nih.gov/23567779/
Immunology,Crohns Disease,Ananthakrishnan,"Ananthakrishnan AN, Cai T, Savova G, et al. Improving case definition of Crohn's disease and ulcerative colitis in electronic medical records using natural language processing: a novel informatics approach. Inflamm Bowel Dis. 2013;19(7):1411-1420. doi:10.1097/MIB.0b013e31828133fd",2013,Post-1994,US,EMR data from Massachusetts General Hospital (MGH) and Brigham and Women’s Hospital (BWH),EMR review by clinicians,,555.X,All,1+ codes + endoscopy,,85 (80-89),,23567779,https://pubmed.ncbi.nlm.nih.gov/23567779/
Immunology,Crohns Disease,Ananthakrishnan,"Ananthakrishnan AN, Cai T, Savova G, et al. Improving case definition of Crohn's disease and ulcerative colitis in electronic medical records using natural language processing: a novel informatics approach. Inflamm Bowel Dis. 2013;19(7):1411-1420. doi:10.1097/MIB.0b013e31828133fd",2013,Post-1994,US,EMR data from Massachusetts General Hospital (MGH) and Brigham and Women’s Hospital (BWH),EMR review by clinicians,,555.X,All,4+ codes out-patient or 2+ codes in-patient,,92 (88-95),,23567779,https://pubmed.ncbi.nlm.nih.gov/23567779/
Immunology,Crohns Disease,Stepaniuk,"Stepaniuk P, Bernstein CN, Nugent Z, Singh H. Characterization of inflammatory bowel disease in elderly hospitalized patients in a large central Canadian Health region. Can J Gastroenterol Hepatol. 2015;29(5):274-278. doi:10.1155/2015/724359",2015,2007-2012,Canada,Winnipeg Regional Health Authority (WRHA) Decision Support System,Medical record review,,K50,Elderly (>65 years of age) and young (19 to 50 years of age),1+ codes In-patient,,94 (89-97),,25874650,https://pubmed.ncbi.nlm.nih.gov/25874650/
Immunology,Crohns Disease,Thirumurthi,"Thirumurthi S, Chowdhury R, Richardson P, Abraham NS. Validation of ICD-9-CM diagnostic codes for inflammatory bowel disease among veterans. Dig Dis Sci. 2010;55(9):2592-2598. doi:10.1007/s10620-009-1074-z",2010,2000-2004,US,"VA National
Patient Care Database","Medical-record review was conducted using Veterans Health Information Systems and Technology Architecture (VISTA), an electronic medical-record system",,555.X,18+,1+ codes In-patient,,88 (82-92),,20033847,https://pubmed.ncbi.nlm.nih.gov/20033847/
Immunology,Psoriasis,Eder,"Eder L, Widdifield J, Rosen CF, et al. Identifying and characterizing psoriasis and psoriatic arthritis patients in Ontario administrative data: a population-based study from 1991 to 2015 [published online ahead of print, 2020 Feb 15]. J Rheumatol. 2020;jrheum.190659. doi:10.3899/jrheum.190659",2020,1991-2015,Canada,"Ontario Health Insurance
Plan",Record abstraction from the Electronic Medical Record Primary Care (EMRPC) database,Based on using a key word search for any psoriasis related terms in EMPRC,696.X,20+,1+ codes,70 (68-73),43 (40-45),96 (96-96),32062600,https://pubmed.ncbi.nlm.nih.gov/32062600/
Immunology,Psoriasis,Eder,"Eder L, Widdifield J, Rosen CF, et al. Identifying and characterizing psoriasis and psoriatic arthritis patients in Ontario administrative data: a population-based study from 1991 to 2015 [published online ahead of print, 2020 Feb 15]. J Rheumatol. 2020;jrheum.190659. doi:10.3899/jrheum.190659",2020,1991-2015,Canada,"Ontario Health Insurance
Plan",Record abstraction from the Electronic Medical Record Primary Care (EMRPC) database,Based on using a key word search for any psoriasis related terms in EMPRC,696.X,20+,1+ codes in-patient or 2+ codes out-patient,51 (48-54),62 (58-65),99 (99-99),32062600,https://pubmed.ncbi.nlm.nih.gov/32062600/
Immunology,Psoriasis,Eder,"Eder L, Widdifield J, Rosen CF, et al. Identifying and characterizing psoriasis and psoriatic arthritis patients in Ontario administrative data: a population-based study from 1991 to 2015 [published online ahead of print, 2020 Feb 15]. J Rheumatol. 2020;jrheum.190659. doi:10.3899/jrheum.190659",2020,1991-2015,Canada,"Ontario Health Insurance
Plan",Record abstraction from the Electronic Medical Record Primary Care (EMRPC) database,Based on using a key word search for any psoriasis related terms in EMPRC,696.X,20+,1+ codes in-patient or 3+ codes out-patient,40 (37-43),71 (67-74),99 (99-99),32062600,https://pubmed.ncbi.nlm.nih.gov/32062600/
Immunology,Psoriasis,Icen,"Icen M, Crowson CS, McEvoy MT, Gabriel SE, Maradit Kremers H. Potential misclassification of patients with psoriasis in electronic databases. J Am Acad Dermatol. 2008;59(6):981-985. doi:10.1016/j.jaad.2008.08.034",2008,1976-2000,US,Rochester Epidemiology Project ,Complete medical records reviewed by clinicians,,696.1,18+,1+ codes,,68 (66-70),,18835060,https://pubmed.ncbi.nlm.nih.gov/18835060/
Immunology,Psoriasis,Seminara,"Seminara NM, Abuabara K, Shin DB, et al. Validity of The Health Improvement Network (THIN) for the study of psoriasis. Br J Dermatol. 2011;164(3):602-609. doi:10.1111/j.1365-2133.2010.10134.x",2011,2009,UK,THIN,GP Survey to confirm diagnosis,,26 psoriasis Read Codes,45–64,1+ codes,,90 (89–91) ,,21073449,https://pubmed.ncbi.nlm.nih.gov/21073449/
Immunology,Psoriasis,Seminara,"Seminara NM, Abuabara K, Shin DB, et al. Validity of The Health Improvement Network (THIN) for the study of psoriasis. Br J Dermatol. 2011;164(3):602-609. doi:10.1111/j.1365-2133.2010.10134.x",2011,2009,UK,THIN,GP Survey to confirm diagnosis,,26 psoriasis Read Codes,45–64,2+ codes (on different dates),,95 (94-96),,21073449,https://pubmed.ncbi.nlm.nih.gov/21073449/
Immunology,Psoriasis,Seminara,"Seminara NM, Abuabara K, Shin DB, et al. Validity of The Health Improvement Network (THIN) for the study of psoriasis. Br J Dermatol. 2011;164(3):602-609. doi:10.1111/j.1365-2133.2010.10134.x",2011,2009,UK,THIN,GP Survey to confirm diagnosis,,26 psoriasis Read Codes,45–64,3+ codes,,95 (94-96),,21073449,https://pubmed.ncbi.nlm.nih.gov/21073449/
Immunology,Rheumatoid Arthritis,Hanly,"Hanly JG, Thompson K, Skedgel C. The use of administrative health care databases to identify patients with rheumatoid arthritis. Open Access Rheumatol. 2015;7:69-75. Published 2015 Nov 6. doi:10.2147/OARRR.S92630",2015,1997-2011,Canada,Nova Scotia Medical Services Insurance (MSI) program.,Medical consultations conducted through the rheumatology clinics at The Arthritis Center of Nova Scotia,,"ICD-9: 714.0, 714.1, and 714.2. ICD-10: MO5–MO5.9, MO6.0, MO6.8, and MO6.9",All,1+ codes,,39 (36-41),,27790047,https://pubmed.ncbi.nlm.nih.gov/27790047/
Immunology,Rheumatoid Arthritis,Hanly,"Hanly JG, Thompson K, Skedgel C. The use of administrative health care databases to identify patients with rheumatoid arthritis. Open Access Rheumatol. 2015;7:69-75. Published 2015 Nov 6. doi:10.2147/OARRR.S92630",2015,1997-2011,Canada,Nova Scotia Medical Services Insurance (MSI) program.,Medical consultations conducted through the rheumatology clinics at The Arthritis Center of Nova Scotia,,"ICD-9: 714.0, 714.1, and 714.2. ICD-10: MO5–MO5.9, MO6.0, MO6.8, and MO6.9",All,2+ codes least 2 months apart,,52 (49-55),,27790047,https://pubmed.ncbi.nlm.nih.gov/27790047/
Immunology,Rheumatoid Arthritis,Hanly,"Hanly JG, Thompson K, Skedgel C. The use of administrative health care databases to identify patients with rheumatoid arthritis. Open Access Rheumatol. 2015;7:69-75. Published 2015 Nov 6. doi:10.2147/OARRR.S92630",2015,1997-2011,Canada,Nova Scotia Medical Services Insurance (MSI) program.,Medical consultations conducted through the rheumatology clinics at The Arthritis Center of Nova Scotia,,"ICD-9: 714.0, 714.1, and 714.2. ICD-10: MO5–MO5.9, MO6.0, MO6.8, and MO6.9",All,"1+ codes, in-patient",,77 (70-84),,27790047,https://pubmed.ncbi.nlm.nih.gov/27790047/
Immunology,Rheumatoid Arthritis,Ng,"Ng B, Aslam F, Petersen NJ, Yu HJ, Suarez-Almazor ME. Identification of rheumatoid arthritis patients using an administrative database: a Veterans Affairs study. Arthritis Care Res (Hoboken). 2012;64(10):1490-1496. doi:10.1002/acr.21736",2012,1998-2009,US,VHA administrative databases,Complete medical records reviewed by clinicians,,714.*,18+,2+ codes,,31 (28-34),,22623324,https://pubmed.ncbi.nlm.nih.gov/22623324/
Immunology,Rheumatoid Arthritis,Ng,"Ng B, Aslam F, Petersen NJ, Yu HJ, Suarez-Almazor ME. Identification of rheumatoid arthritis patients using an administrative database: a Veterans Affairs study. Arthritis Care Res (Hoboken). 2012;64(10):1490-1496. doi:10.1002/acr.21736",2012,1998-2009,US,VHA administrative databases,Complete medical records reviewed by clinicians,,714.*,18+,2+ codes with at least one RA codes in a rheumatologist visit,,40 (34-46),,22623324,https://pubmed.ncbi.nlm.nih.gov/22623324/
Immunology,Rheumatoid Arthritis,Ng,"Ng B, Aslam F, Petersen NJ, Yu HJ, Suarez-Almazor ME. Identification of rheumatoid arthritis patients using an administrative database: a Veterans Affairs study. Arthritis Care Res (Hoboken). 2012;64(10):1490-1496. doi:10.1002/acr.21736",2012,1998-2009,US,VHA administrative databases,Complete medical records reviewed by clinicians,,714.*,18+,2+ codes with at least one rheumatology visit and with the last rheumatologist visit with a RA code,,67 (59-76),,22623324,https://pubmed.ncbi.nlm.nih.gov/22623324/
Immunology,Rheumatoid Arthritis,Ng,"Ng B, Aslam F, Petersen NJ, Yu HJ, Suarez-Almazor ME. Identification of rheumatoid arthritis patients using an administrative database: a Veterans Affairs study. Arthritis Care Res (Hoboken). 2012;64(10):1490-1496. doi:10.1002/acr.21736",2012,1998-2009,US,VHA administrative databases,Complete medical records reviewed by clinicians,,714.*,18+,2+ codes with 180D+ DMARD therapy,,60 (55-66),,22623324,https://pubmed.ncbi.nlm.nih.gov/22623324/
Immunology,Rheumatoid Arthritis,Ng,"Ng B, Aslam F, Petersen NJ, Yu HJ, Suarez-Almazor ME. Identification of rheumatoid arthritis patients using an administrative database: a Veterans Affairs study. Arthritis Care Res (Hoboken). 2012;64(10):1490-1496. doi:10.1002/acr.21736",2012,1998-2009,US,VHA administrative databases,Complete medical records reviewed by clinicians,,714.*,18+,2+ codes with at least one RA codes in a rheumatologist visit with 180D+ DMARD therapy,,75 (67-83),,22623324,https://pubmed.ncbi.nlm.nih.gov/22623324/
Immunology,Rheumatoid Arthritis,Ng,"Ng B, Aslam F, Petersen NJ, Yu HJ, Suarez-Almazor ME. Identification of rheumatoid arthritis patients using an administrative database: a Veterans Affairs study. Arthritis Care Res (Hoboken). 2012;64(10):1490-1496. doi:10.1002/acr.21736",2012,1998-2009,US,VHA administrative databases,Complete medical records reviewed by clinicians,,714.*,18+,2+ codes with at least one rheumatology visit and with the last rheumatologist visit with a RA codes with 180D+ DMARD therapy,,91 (85-97),,22623324,https://pubmed.ncbi.nlm.nih.gov/22623324/
Immunology,Rheumatoid Arthritis,Widdifield,"Widdifield J, Bombardier C, Bernatsky S, et al. An administrative data validation study of the accuracy of algorithms for identifying rheumatoid arthritis: the influence of the reference standard on algorithm performance. BMC Musculoskelet Disord. 2014;15:216. Published 2014 Jun 23. doi:10.1186/1471-2474-15-216",2014,1991-2011,Canada,Ontario Health Insurance Plan (OHIP) Database,Chart abtraction and adjudication from Electronic Medical Record Administrative data Linked Database (EMRALD),Selected all subjects in EMRALD with any evidence of inflammatory arthritis,ICD9 714; ICD10 M05-M06),20+,1+ codes,90 (83–97),20 (16–25),,24956925,https://pubmed.ncbi.nlm.nih.gov/24956925/
Immunology,Rheumatoid Arthritis,Widdifield,"Widdifield J, Bombardier C, Bernatsky S, et al. An administrative data validation study of the accuracy of algorithms for identifying rheumatoid arthritis: the influence of the reference standard on algorithm performance. BMC Musculoskelet Disord. 2014;15:216. Published 2014 Jun 23. doi:10.1186/1471-2474-15-216",2014,1991-2011,Canada,Ontario Health Insurance Plan (OHIP) Database,Chart abtraction and adjudication from Electronic Medical Record Administrative data Linked Database (EMRALD),Selected all subjects in EMRALD with any evidence of inflammatory arthritis,ICD9 714; ICD10 M05-M06),20+,"1+ codes, in-patient",22 (12–32),88 (73–100),,24956925,https://pubmed.ncbi.nlm.nih.gov/24956925/
Immunology,Rheumatoid Arthritis,Widdifield,"Widdifield J, Bombardier C, Bernatsky S, et al. An administrative data validation study of the accuracy of algorithms for identifying rheumatoid arthritis: the influence of the reference standard on algorithm performance. BMC Musculoskelet Disord. 2014;15:216. Published 2014 Jun 23. doi:10.1186/1471-2474-15-216",2014,1991-2011,Canada,Ontario Health Insurance Plan (OHIP) Database,Chart abtraction and adjudication from Electronic Medical Record Administrative data Linked Database (EMRALD),Selected all subjects in EMRALD with any evidence of inflammatory arthritis,ICD9 714; ICD10 M05-M06),20+,"1+ codes ever by a specialist (rheumatologist, internal medicine, orthopedic surgeon)",81 (72–90),51 (42–60),,24956925,https://pubmed.ncbi.nlm.nih.gov/24956925/
Immunology,Rheumatoid Arthritis,Widdifield,"Widdifield J, Bombardier C, Bernatsky S, et al. An administrative data validation study of the accuracy of algorithms for identifying rheumatoid arthritis: the influence of the reference standard on algorithm performance. BMC Musculoskelet Disord. 2014;15:216. Published 2014 Jun 23. doi:10.1186/1471-2474-15-216",2014,1991-2011,Canada,Ontario Health Insurance Plan (OHIP) Database,Chart abtraction and adjudication from Electronic Medical Record Administrative data Linked Database (EMRALD),Selected all subjects in EMRALD with any evidence of inflammatory arthritis,ICD9 714; ICD10 M05-M06),20+,2+ codes in 1 year,84 (75–93),46 (37–55),,24956925,https://pubmed.ncbi.nlm.nih.gov/24956925/
Immunology,Systemic Lupus Erythematosus,Hanly,"Hanly JG, Thompson K, Skedgel C. Identification of patients with systemic lupus erythematosus in administrative healthcare databases. Lupus. 2014;23(13):1377-1382. doi:10.1177/0961203314543917",2014,2000-2010,Canada,Nova Scotia Medical Services Insurance (MSI) program.,Medical consultations conducted through the rheumatology clinics at The Arthritis Center of Nova Scotia,,"ICD-9: 710.0.  ICD-10: M 32, M32.1, M32.8, M32.9",All,2+ codes least 2 months apart,,85 (81-89),,25057038,https://pubmed.ncbi.nlm.nih.gov/25057038/
Immunology,Systemic Lupus Erythematosus,Hanly,"Hanly JG, Thompson K, Skedgel C. Identification of patients with systemic lupus erythematosus in administrative healthcare databases. Lupus. 2014;23(13):1377-1382. doi:10.1177/0961203314543917",2014,2000-2010,Canada,Nova Scotia Medical Services Insurance (MSI) program.,Medical consultations conducted through the rheumatology clinics at The Arthritis Center of Nova Scotia,,"ICD-9: 710.0.  ICD-10: M 32, M32.1, M32.8, M32.9",All,3+ codes,,85 (81-89),,25057038,https://pubmed.ncbi.nlm.nih.gov/25057038/
Immunology,Systemic Lupus Erythematosus,Hanly,"Hanly JG, Thompson K, Skedgel C. Identification of patients with systemic lupus erythematosus in administrative healthcare databases. Lupus. 2014;23(13):1377-1382. doi:10.1177/0961203314543917",2014,2000-2010,Canada,Nova Scotia Medical Services Insurance (MSI) program.,Medical consultations conducted through the rheumatology clinics at The Arthritis Center of Nova Scotia,,"ICD-9: 710.0.  ICD-10: M 32, M32.1, M32.8, M32.9",All,1+ codes,,74 (70-78),,25057038,https://pubmed.ncbi.nlm.nih.gov/25057038/
Immunology,Systemic Lupus Erythematosus,Jorge,"Jorge A, Castro VM, Barnado A, et al. Identifying lupus patients in electronic health records: Development and validation of machine learning algorithms and application of rule-based algorithms. Semin Arthritis Rheum. 2019;49(1):84-90. doi:10.1016/j.semarthrit.2019.01.002",2019,Post-1994,US,Partners HealthCare Biobank,Complete medical records reviewed by clinicians,,ICD-9 710.0; ICD-10 M32.1,All,4+ codes and ever antimalarial use,,50 (42-58),,30665626,https://pubmed.ncbi.nlm.nih.gov/30665626/
Immunology,Systemic Lupus Erythematosus,Jorge,"Jorge A, Castro VM, Barnado A, et al. Identifying lupus patients in electronic health records: Development and validation of machine learning algorithms and application of rule-based algorithms. Semin Arthritis Rheum. 2019;49(1):84-90. doi:10.1016/j.semarthrit.2019.01.002",2019,Post-1994,US,Partners HealthCare Biobank,Complete medical records reviewed by clinicians,,ICD-9 710.0; ICD-10 M32.1,All,3+ codes and ever antimalarial use,,46 (38-54),,30665626,https://pubmed.ncbi.nlm.nih.gov/30665626/
Immunology,Systemic Lupus Erythematosus,Jorge,"Jorge A, Castro VM, Barnado A, et al. Identifying lupus patients in electronic health records: Development and validation of machine learning algorithms and application of rule-based algorithms. Semin Arthritis Rheum. 2019;49(1):84-90. doi:10.1016/j.semarthrit.2019.01.002",2019,Post-1994,US,Partners HealthCare Biobank,Complete medical records reviewed by clinicians,,ICD-9 710.0; ICD-10 M32.1,All,3+ codes and ever DMARD use and ever steroid use,,45 (36-55),,30665626,https://pubmed.ncbi.nlm.nih.gov/30665626/
Immunology,Systemic Lupus Erythematosus,Jorge,"Jorge A, Castro VM, Barnado A, et al. Identifying lupus patients in electronic health records: Development and validation of machine learning algorithms and application of rule-based algorithms. Semin Arthritis Rheum. 2019;49(1):84-90. doi:10.1016/j.semarthrit.2019.01.002",2019,Post-1994,US,Partners HealthCare Biobank,Complete medical records reviewed by clinicians,,ICD-9 710.0; ICD-10 M32.1,All,4+ codes and ever DMARD use and ever steroid use,,50 (40-60),,30665626,https://pubmed.ncbi.nlm.nih.gov/30665626/
Immunology,Ulcerative Colitis,Ananthakrishnan,"Ananthakrishnan AN, Cai T, Savova G, et al. Improving case definition of Crohn's disease and ulcerative colitis in electronic medical records using natural language processing: a novel informatics approach. Inflamm Bowel Dis. 2013;19(7):1411-1420. doi:10.1097/MIB.0b013e31828133fd",2013,Post-1994,US,EMR data from Massachusetts General Hospital (MGH) and Brigham and Women’s Hospital (BWH),EMR review by clinicians,,556.X,All,1+ codes,,63 (59-67),,23567779,https://pubmed.ncbi.nlm.nih.gov/23567779/
Immunology,Ulcerative Colitis,Ananthakrishnan,"Ananthakrishnan AN, Cai T, Savova G, et al. Improving case definition of Crohn's disease and ulcerative colitis in electronic medical records using natural language processing: a novel informatics approach. Inflamm Bowel Dis. 2013;19(7):1411-1420. doi:10.1097/MIB.0b013e31828133fd",2013,Post-1994,US,EMR data from Massachusetts General Hospital (MGH) and Brigham and Women’s Hospital (BWH),EMR review by clinicians,,556.X,All,5+ codes,,90 (86-93),,23567779,https://pubmed.ncbi.nlm.nih.gov/23567779/
Immunology,Ulcerative Colitis,Ananthakrishnan,"Ananthakrishnan AN, Cai T, Savova G, et al. Improving case definition of Crohn's disease and ulcerative colitis in electronic medical records using natural language processing: a novel informatics approach. Inflamm Bowel Dis. 2013;19(7):1411-1420. doi:10.1097/MIB.0b013e31828133fd",2013,Post-1994,US,EMR data from Massachusetts General Hospital (MGH) and Brigham and Women’s Hospital (BWH),EMR review by clinicians,,556.X,All,1+ codes + endoscopy,,85 (80-89),,23567779,https://pubmed.ncbi.nlm.nih.gov/23567779/
Immunology,Ulcerative Colitis,Ananthakrishnan,"Ananthakrishnan AN, Cai T, Savova G, et al. Improving case definition of Crohn's disease and ulcerative colitis in electronic medical records using natural language processing: a novel informatics approach. Inflamm Bowel Dis. 2013;19(7):1411-1420. doi:10.1097/MIB.0b013e31828133fd",2013,Post-1994,US,EMR data from Massachusetts General Hospital (MGH) and Brigham and Women’s Hospital (BWH),EMR review by clinicians,,556.X,All,4+ codes out-patient or 2+ codes in-patient,,89 (85-92),,23567779,https://pubmed.ncbi.nlm.nih.gov/23567779/
Immunology,Ulcerative Colitis,Stepaniuk,"Stepaniuk P, Bernstein CN, Nugent Z, Singh H. Characterization of inflammatory bowel disease in elderly hospitalized patients in a large central Canadian Health region. Can J Gastroenterol Hepatol. 2015;29(5):274-278. doi:10.1155/2015/724359",2015,2007-2012,Canada,Winnipeg Regional Health Authority (WRHA) Decision Support System,Medical record review,,K51,Elderly (>65 years of age) and young (19 to 50 years of age),1+ codes In-patient,,70 (60-79),,25874650,https://pubmed.ncbi.nlm.nih.gov/25874650/
Immunology,Ulcerative Colitis,Thirumurthi,"Thirumurthi S, Chowdhury R, Richardson P, Abraham NS. Validation of ICD-9-CM diagnostic codes for inflammatory bowel disease among veterans. Dig Dis Sci. 2010;55(9):2592-2598. doi:10.1007/s10620-009-1074-z",2010,2000-2004,US,"VA National
Patient Care Database","Medical-record review was conducted using Veterans Health Information Systems and Technology Architecture (VISTA), an electronic medical-record system",,556.X,18+,1+ codes In-patient,,82 (76–87),,20033847,https://pubmed.ncbi.nlm.nih.gov/20033847/
Infectious Disease,Viral Hepatitis B,Niu,"Niu B, Forde KA, Goldberg DS. Coding algorithms for identifying patients with cirrhosis and hepatitis B or C virus using administrative data. Pharmacoepidemiol Drug Saf. 2015;24(1):107-111. doi:10.1002/pds.3721",2016,2002-2013,US,Penn Data Store,Confirmed by laboratory values or physician documentation,,"070.2, 070.20, 070.21, 070.22, 070.23, 070.30, 070.31, 070.32, 070.33",18+,"1+ codes In-patient or 2+ codes out-patient within 365 D of cirrhosis (1+ codes inpatient or 2+ codes outpatient ICD-9-CM codes for cirrhosis:  ICD-9-CM-571.2, 571.5)",,81 (73-87),,25335773,https://pubmed.ncbi.nlm.nih.gov/25335773/
Infectious Disease,Viral Hepatitis B,Niu,"Niu B, Forde KA, Goldberg DS. Coding algorithms for identifying patients with cirrhosis and hepatitis B or C virus using administrative data. Pharmacoepidemiol Drug Saf. 2015;24(1):107-111. doi:10.1002/pds.3721",2016,2002-2013,US,Penn Data Store,Confirmed by laboratory values or physician documentation,,"070.2, 070.20, 070.21, 070.22, 070.23, 070.30, 070.31, 070.32, 070.33",18+,"2+ codes In-patient or 2+ codes out-patient within 365 D of cirrhosis (1+ codes inpatient or 2+ codes outpatient ICD-9-CM codes for cirrhosis:  ICD-9-CM-571.2, 571.5)",,83 (75–90),,25335773,https://pubmed.ncbi.nlm.nih.gov/25335773/
Infectious Disease,Viral Hepatitis B,Niu,"Niu B, Forde KA, Goldberg DS. Coding algorithms for identifying patients with cirrhosis and hepatitis B or C virus using administrative data. Pharmacoepidemiol Drug Saf. 2015;24(1):107-111. doi:10.1002/pds.3721",2016,2002-2013,US,Penn Data Store,Confirmed by laboratory values or physician documentation,,"070.2, 070.20, 070.21, 070.22, 070.23, 070.30, 070.31, 070.32, 070.33",18+,"1+ codes In-patient AND 2+ codes out-patient within 365 D of cirrhosis (1+ codes inpatient or 2+ codes outpatient ICD-9-CM codes for cirrhosis:  ICD-9-CM-571.2, 571.5)",,100 (92-100),,25335773,https://pubmed.ncbi.nlm.nih.gov/25335773/
Infectious Disease,Viral Hepatitis C,Niu,"Niu B, Forde KA, Goldberg DS. Coding algorithms for identifying patients with cirrhosis and hepatitis B or C virus using administrative data. Pharmacoepidemiol Drug Saf. 2015;24(1):107-111. doi:10.1002/pds.3721",2016,2002-2013,US,Penn Data Store,Confirmed by laboratory values or physician documentation,,"070.41, 070.44, 070.51, 070.54, 070.7, 070.70, 070.71",18+,"1+ codes In-patient or 2+ codes out-patient within 365 D of cirrhosis (1+ codes inpatient or 2+ codes outpatient ICD-9-CM codes for cirrhosis:  ICD-9-CM-571.2, 571.5)",,88 (83–92),,25335773,https://pubmed.ncbi.nlm.nih.gov/25335773/
Infectious Disease,Viral Hepatitis C,Niu,"Niu B, Forde KA, Goldberg DS. Coding algorithms for identifying patients with cirrhosis and hepatitis B or C virus using administrative data. Pharmacoepidemiol Drug Saf. 2015;24(1):107-111. doi:10.1002/pds.3721",2016,2002-2013,US,Penn Data Store,Confirmed by laboratory values or physician documentation,,"070.41, 070.44, 070.51, 070.54, 070.7, 070.70, 070.71",18+,"2+ codes In-patient or 2+ codes out-patient within 365 D of cirrhosis (1+ codes inpatient or 2+ codes outpatient ICD-9-CM codes for cirrhosis:  ICD-9-CM-571.2, 571.5)",,95 (90-98),,25335773,https://pubmed.ncbi.nlm.nih.gov/25335773/
Infectious Disease,Viral Hepatitis C,Niu,"Niu B, Forde KA, Goldberg DS. Coding algorithms for identifying patients with cirrhosis and hepatitis B or C virus using administrative data. Pharmacoepidemiol Drug Saf. 2015;24(1):107-111. doi:10.1002/pds.3721",2016,2002-2013,US,Penn Data Store,Confirmed by laboratory values or physician documentation,,"070.41, 070.44, 070.51, 070.54, 070.7, 070.70, 070.71",18+,"1+ codes In-patient AND 2+ codes out-patient within 365 D of cirrhosis (1+ codes inpatient or 2+ codes outpatient ICD-9-CM codes for cirrhosis:  ICD-9-CM-571.2, 571.5)",,97 (89-100),,25335773,https://pubmed.ncbi.nlm.nih.gov/25335773/
Infectious Disease,Viral Hepatitis C,Re,"Lo Re V 3rd, Haynes K, Forde KA, Localio AR, Schinnar R, Lewis JD. Validity of The Health Improvement Network (THIN) for epidemiologic studies of hepatitis C virus infection. Pharmacoepidemiol Drug Saf. 2009;18(9):807-814. doi:10.1002/pds.1784",2009,2000-2007,UK,THIN,Survey of GPs,,"Read Codes: A704000, A705000, A707200, A70z000, ZV02C00, 2J11.00, 43X3.00, 65Q7.00, A705400",All,1+ codes,,86 (77–93),,19551699,https://pubmed.ncbi.nlm.nih.gov/19551699/
Neurology,Autism,Burke,"Burke JP, Jain A, Yang W, et al. Does a claims diagnosis of autism mean a true case?. Autism. 2014;18(3):321-330. doi:10.1177/1362361312467709",2014,2001-2009,US,administrative claims database of a large national US private health plan,review of requested patient charts by clinician,,"ICD-9-CM: 299.00, 299.01, 299.80, 299.81, 299.9",20-Feb,1+ codes complex,,43 (38–49),,23739541,https://pubmed.ncbi.nlm.nih.gov/23739541/
Neurology,Autism,Burke,"Burke JP, Jain A, Yang W, et al. Does a claims diagnosis of autism mean a true case?. Autism. 2014;18(3):321-330. doi:10.1177/1362361312467709",2014,2001-2009,US,administrative claims database of a large national US private health plan,review of requested patient charts by clinician,,"ICD-9-CM: 299.00, 299.01, 299.80, 299.81, 299.9",20-Feb,2+ codes complex,,61 (54–68),,23739541,https://pubmed.ncbi.nlm.nih.gov/23739541/
Neurology,Bipolar,Castro,"Castro VM, Minnier J, Murphy SN, et al. Validation of electronic health record phenotyping of bipolar disorder cases and controls. Am J Psychiatry. 2015;172(4):363-372. doi:10.1176/appi.ajp.2014.14030423",2015,?,US,Partners Healthcare Research Patient Data Registry,Review of registry records by clinicians,,BD (ICD-9/DSM-IV-TR 296.4*-296.8*) or manic disorder (ICD 296.0*-296.1*),30+,coded-Strict (see paper),,84 (75–90),,25827034,https://pubmed.ncbi.nlm.nih.gov/25827034/
Neurology,Bipolar,Castro,"Castro VM, Minnier J, Murphy SN, et al. Validation of electronic health record phenotyping of bipolar disorder cases and controls. Am J Psychiatry. 2015;172(4):363-372. doi:10.1176/appi.ajp.2014.14030423",2015,?,US,Partners Healthcare Research Patient Data Registry,Review of registry records by clinicians,,BD (ICD-9/DSM-IV-TR 296.4*-296.8*) or manic disorder (ICD 296.0*-296.1*),30+,coded-Broad 1 (see paper),,80 (72–86),,25827034,https://pubmed.ncbi.nlm.nih.gov/25827034/
Neurology,Bipolar,Castro,"Castro VM, Minnier J, Murphy SN, et al. Validation of electronic health record phenotyping of bipolar disorder cases and controls. Am J Psychiatry. 2015;172(4):363-372. doi:10.1176/appi.ajp.2014.14030423",2015,?,US,Partners Healthcare Research Patient Data Registry,Review of registry records by clinicians,,BD (ICD-9/DSM-IV-TR 296.4*-296.8*) or manic disorder (ICD 296.0*-296.1*),30+,coded-Broad 2 (see paper),,50 (22-78),,25827034,https://pubmed.ncbi.nlm.nih.gov/25827034/
Neurology,Epilepsy,Christensen,"Christensen J, Vestergaard M, Olsen J, Sidenius P. Validation of epilepsy diagnoses in the Danish National Hospital Register. Epilepsy Res. 2007;75(2-3):162-170. doi:10.1016/j.eplepsyres.2007.05.009",2007,1994-2002 (ICD-10),Denmark,Danish National Hospital Register,Clinician review of abstracted Register records,,"G40.2, G40.3",All,1+ codes,,79 (70—86),,17624737,https://pubmed.ncbi.nlm.nih.gov/17624737/
Neurology,Epilepsy,Jette,"Jetté N, Reid AY, Quan H, Hill MD, Wiebe S. How accurate is ICD coding for epilepsy?. Epilepsia. 2010;51(1):62-69. doi:10.1111/j.1528-1167.2009.02201.x",2010,"2000-01 (ICD-9), 2004-05 (ICD-10)",Canada,Ambulatory Care Classification System database (ACCS) and the inpatient discharge abstract database (DAD),Clinician review of abstracted records,,"345.x, G40.x or G41.x",,1+ codes inpatient,,99 (96–100),,19682027,https://pubmed.ncbi.nlm.nih.gov/19682027/
Neurology,Epilepsy,Moura,"Moura LM, Price M, Cole AJ, Hoch DB, Hsu J. Accuracy of claims-based algorithms for epilepsy research: Revealing the unseen performance of claims-based studies. Epilepsia. 2017;58(4):683-691. doi:10.1111/epi.13691",2017,2014-15,US,Partners Healthcare Research Patient Data Registry,Medical record review,,"ICD-9-CM,345.xx, 333.2, 779, 780.3, 780.39, 780.2, 780.31",All,1+ codes + Anti-Epileptic Drug,,70 (66-74),,28199007,https://pubmed.ncbi.nlm.nih.gov/28199007/
Neurology,Epilepsy,Pugh,"Pugh MJ, Van Cott AC, Cramer JA, et al. Trends in antiepileptic drug prescribing for older patients with new-onset epilepsy: 2000-2004. Neurology. 2008;70(22 Pt 2):2171-2178. doi:10.1212/01.wnl.0000313157.15089.e6",2008,1998-2004,US,"VA, Medicare",Clinician review of abstracted records,,345.XX,>= 66,1+ codes + Anti-Epileptic Drug,,94 (89-98),,18505996,https://pubmed.ncbi.nlm.nih.gov/18505996/
Neurology,Epilepsy,Tan,"Tan M, Wilson I, Braganza V, et al. Development and validation of an epidemiologic case definition of epilepsy for use with routinely collected Australian health data. Epilepsy Behav. 2015;51:65-72. doi:10.1016/j.yebeh.2015.06.031",2015,2012-13,Australia,National Hospital Morbidity Database,Clinician review of abstracted records,Article indicates epileptologist reviewed all 42K hospital records,G40.X,,1+ codes in-patient,62 (54–70),70 (61–77),99.9 (99.9–99.9),26262935,https://pubmed.ncbi.nlm.nih.gov/26262935/
Oncology,Lymphoma,Conte,"Conte C, Palmaro A, Grosclaude P, Daubisse-Marliac L, Despas F, Lapeyre-Mestre M. A novel approach for medical research on lymphomas: A study validation of claims-based algorithms to identify incident cases. Medicine (Baltimore). 2018;97(2):e9418. doi:10.1097/MD.0000000000009418",2018,2010-2013,France,French health insurance system database,Clinician review of matched data in the Tarn Cancer Registry,Used all cases determined in the cancer registry.,"C81, C82, C83.3, C83.0, C83.1, C83.7, C83.8, C83.9, C85, C88.4, C84, C86, C91.1; chemotherapy: Z51.1, Z51.2",All,"1+ codes in-patient, primary position or chemotherapy, primary position with 1+ code secondary diagnosis",69 (65-73),68 (63-72),,29480830,https://pubmed.ncbi.nlm.nih.gov/29480830/
Oncology,Lymphoma,Conte,"Conte C, Palmaro A, Grosclaude P, Daubisse-Marliac L, Despas F, Lapeyre-Mestre M. A novel approach for medical research on lymphomas: A study validation of claims-based algorithms to identify incident cases. Medicine (Baltimore). 2018;97(2):e9418. doi:10.1097/MD.0000000000009418",2018,2010-2013,France,French health insurance system database,Clinician review of matched data in the Tarn Cancer Registry,Used all cases determined in the cancer registry.,"C81, C82, C83.3, C83.0, C83.1, C83.7, C83.8, C83.9, C85, C88.4, C84, C86, C91.1; chemotherapy: Z51.1, Z51.2",All,1+ codes in-patient,78 (74-82),54 (50-58),,29480830,https://pubmed.ncbi.nlm.nih.gov/29480830/
Oncology,Multiple Myeloma,Brandenburg,"Brandenburg NA, Phillips S, Wells KE, et al. Validating an algorithm for multiple myeloma based on administrative data using a SEER tumor registry and medical record review. Pharmacoepidemiol Drug Saf. 2019;28(2):256-263. doi:10.1002/pds.4711",2019,2005-2011,US,Optum Research Database,Used morphologically confirmed cases of MM per standardized case definitions in the tumor registry for case ascertainment,Used all cases determined in the cancer registry.,203.0x,18+,2+ codes at least 30 days apart,88 (85?91),54 (50?58),,30719785,https://pubmed.ncbi.nlm.nih.gov/30719785/
Oncology,Multiple Myeloma,Brandenburg,"Brandenburg NA, Phillips S, Wells KE, et al. Validating an algorithm for multiple myeloma based on administrative data using a SEER tumor registry and medical record review. Pharmacoepidemiol Drug Saf. 2019;28(2):256-263. doi:10.1002/pds.4711",2019,2005-2011,US,Optum Research Database,Used morphologically confirmed cases of MM per standardized case definitions in the tumor registry for case ascertainment,Used all cases determined in the cancer registry.,203.0x,18+,Algorithm 2 (see paper),73 (68?77),81 (77?85),,30719785,https://pubmed.ncbi.nlm.nih.gov/30719785/
Oncology,Multiple Myeloma,Brandenburg,"Brandenburg NA, Phillips S, Wells KE, et al. Validating an algorithm for multiple myeloma based on administrative data using a SEER tumor registry and medical record review. Pharmacoepidemiol Drug Saf. 2019;28(2):256-263. doi:10.1002/pds.4711",2019,2005-2011,US,Optum Research Database,Used morphologically confirmed cases of MM per standardized case definitions in the tumor registry for case ascertainment,Used all cases determined in the cancer registry.,203.0x,18+,Algorithm 3 (see paper),58 (53?63),88 (83?91),,30719785,https://pubmed.ncbi.nlm.nih.gov/30719785/
Oncology,Multiple Myeloma,Brandenburg,"Brandenburg NA, Phillips S, Wells KE, et al. Validating an algorithm for multiple myeloma based on administrative data using a SEER tumor registry and medical record review. Pharmacoepidemiol Drug Saf. 2019;28(2):256-263. doi:10.1002/pds.4711",2019,2005-2011,US,Optum Research Database,Used morphologically confirmed cases of MM per standardized case definitions in the tumor registry for case ascertainment,Used all cases determined in the cancer registry.,203.0x,18+,Algorithm 4 (see paper),30 (26?34),80 (73?85),,30719785,https://pubmed.ncbi.nlm.nih.gov/30719785/
Oncology,Prostate Cancer,Parlett,"Parlett LE, Beachler DC, Lanes S, Hoover RN, Cook MB. Validation of an Algorithm for Claims-based Incidence of Prostate Cancer. Epidemiology. 2019;30(3):466-471. doi:10.1097/EDE.0000000000001007",2019,2006-2015,US,HealthCore Integrated Research Database,Record review of the Georgia Comprehensive Cancer Registry (GCCR) ,Used all prostate cancer records in the registry,ICD-9=185,30+,1+ codes not more than 28 days after a prostate biopsy,91 (88 – 94),82 (78-85),,30829831,https://pubmed.ncbi.nlm.nih.gov/30829831/
Oncology,Prostate Cancer,Parlett,"Parlett LE, Beachler DC, Lanes S, Hoover RN, Cook MB. Validation of an Algorithm for Claims-based Incidence of Prostate Cancer. Epidemiology. 2019;30(3):466-471. doi:10.1097/EDE.0000000000001007",2019,2006-2015,US,HealthCore Integrated Research Database,Record review of the Georgia Comprehensive Cancer Registry (GCCR) ,Used all prostate cancer records in the registry,ICD-9=185,30+,1+ codes not more than 28 days after a prostate biopsy + Testosterone Non-users,91 (87 – 94),83 (78 – 86),,30829831,https://pubmed.ncbi.nlm.nih.gov/30829831/
Oncology,Prostate Cancer,Parlett,"Parlett LE, Beachler DC, Lanes S, Hoover RN, Cook MB. Validation of an Algorithm for Claims-based Incidence of Prostate Cancer. Epidemiology. 2019;30(3):466-471. doi:10.1097/EDE.0000000000001007",2019,2006-2015,US,HealthCore Integrated Research Database,Record review of the Georgia Comprehensive Cancer Registry (GCCR) ,Used all prostate cancer records in the registry,ICD-9=185,30+,1+ codes not more than 28 days after a prostate biopsy + Testosterone Users,92 (80 – 98),82 (70 – 89),,30829831,https://pubmed.ncbi.nlm.nih.gov/30829831/
Oncology,Prostate Cancer,Parlett,"Parlett LE, Beachler DC, Lanes S, Hoover RN, Cook MB. Validation of an Algorithm for Claims-based Incidence of Prostate Cancer. Epidemiology. 2019;30(3):466-471. doi:10.1097/EDE.0000000000001007",2019,2006-2015,US,HealthCore Integrated Research Database,Record review of the Georgia Comprehensive Cancer Registry (GCCR) ,Used all prostate cancer records in the registry,ICD-9=185,30+,1+ codes not more than 28 days after a prostate biopsy + PDE5i Users,89 (79 – 96),74 (65 – 82),,30829831,https://pubmed.ncbi.nlm.nih.gov/30829831/
